Name,NewName
Oxford White (Frost),Winter White (Oxford White)
Antique White,Bridal Shower (Antique White)
Cabinet Almond (Cafe Au Lait),Cafe Au Lait (Cabinet Almond)
Bankers Grey (Iron Mountain),Iron Mountain (Bankers Grey)
Fog Grey (Steel Grey),Steel Grey (Fog Grey)
Negotiating In Geneva (Cozy Cashmere),Cozy Cashmere (Negotiating in Geneva)
Pepperdust (Agreeable Greige),Agreeable Greige (Pepperdust)
Custom Gray (Mystic Cloud),Mystic Cloud (Custom Grey)
Willow Grey (Overcast),Overcast (Willow Grey)
Storm (Gunmetal),Gunmetal (Storm)
Ebony Sand (Night Skies),Night Skies (Ebony Sand)
Black (Onyx),Onyx (Black)
NONE,Pearl River (Blanco SL)
Absolute Acajou (Georgia Pines),Georgia Pines (Absolute Acajou)
Looks Likatre (Tallow),Tallow (Looks Likatre)
Calypso (Birchwood Breeze),Birchwood Breeze (Calypso)
Crackle Crunch (Tigerlilly),Tigerlilly (Crackle Crunch)
Wedding Cake (Wedding Cake),Chocolate Swirl (Wedding Cake)
Trytoo Savatre (Cypress),Cypress (Tryto Savatre)
Witchcraft (Tea Kettle),Tea Kettle (Witchcraft)
Arbor Myrtle (Sugar Maple),Sugar Maple (Arbor Myrtle)
Brown Pearwood (Walk in the Woods),Walk in the Woods (Brown Pearwood)
Mocha Cherry (Cafe Mocha),Cafe Mocha (Mocha Cherry)
Opulent Olmo (Riverwood),Riverwood (Opulent Olmo)
TL Oxford White (Frosted Forest),Frosted Forest (Oxford White TL)
TL Black (Coal Mines),Coal Mines (Black TL)
U Nova White (Whisper White),Whisper White (Nova White Uniboard)
T Winter Fun (Moonlit Lake),Moonlit Lake (Winter Fun Tafisa)
TL Absolute Acajou (Georgia Pecans),Georgia Pecans (Absolute Acajou TL)
U Skye (Foggy Mornings),Foggy Mornings (Skye Uniboard)
U Nizza (Ammonite),Ammonite (Nizza Uniboard)
U Driftwood (Silver Elm),Silver Elm (Driftwood Uniboard)
TL Looks Likatre (Zen Garden),Zen Garden (Looks Likatre TL)
U Cassis (Weathered Oak),Weathered Oak (Weathered Oak Uniboard)
TL Trytoo Savatre (Wicked Cypress),Wicked Cypress (Tryto Savatre TL)
T After Hours (Espresso Yourself),Espresso Yourself (After Hours Tafisa)
U Silva (Kentucky Coffee Tree),Kentucky Coffee Tree (Silva Uniboard)
T Apres Ski (Townhouse Teatime),Townhouse Teatime (Apres Ski Tafisa)
U Cannes (Summer Oak),Summer Oak (Cannes Uniboard)
U Mistral (Wheat Field),Wheat Field (Mistral Uniboard)
U Monaco (Dark Walnut),Dark Walnut (Monaco Uniboard)
U Riva (Irish Cream),Irish Cream (Riva Uniboard)
T Tea For Two (Chamomile Comfort),Chamomile Comfort (Tea For Two Tafisa)
T Sunday Brunch (Candlelight Dinner),Candlelight Dinner (Sunday Brunch Tafisa)
U Ember (Sable),Sable (Ember Uniboard)
NONE,Teacloth (White Linen Egger)
Δ S Antracite Linen,Midnight Shadows (Antracite Linen Salt)
NONE,Tweed (Beige Textile Egger)
NONE,Chesapeake Bay (Buff Linen Salt)
MLX Bianco White Matte (Cloud),Cloud (MLX Bianco White Super Matte)
MLX Graphite Matte (Ashphalt),Ashphalt (MLX Graphite Super Matte)
MLX Deep Blue Matte (Coastal Living),Coastal Living (MLX Deep Blue Super Matte)
Duraply Almond,Cafe Au Lait (Cabinet Almond)
Dura White Fog Grey,Steel Grey (Fog Grey)
Graphite Spectrum,Cosmic Dust (Graphite Spectrum)
Δ Hardrock Maple,Danish Maple (Hard Rock Maple)
Black Anodized Metal,Onyx (Black)
