DisplayName,Description
Agreeable Greige (Pepperdust),Agreeable Greige (Pepperdust)
Bridal Shower (Antique White),Bridal Shower (Antique White)
Cafe Au Lait (Cabinet Almond),Cafe Au Lait (Cabinet Almond)
Deep Blue,Deep Blue
Forest,Forest
Gunmetal (Storm),Gunmetal (Storm)
Iron Mountain (Bankers Grey),Iron Mountain (Bankers Grey)
Mystic Cloud (Custom Grey),Mystic Cloud (Custom Grey)
Onyx (Black),Onyx (Black)
Overcast (Willow Grey),Overcast (Willow Grey)
Sage,Sage
Sky Blue,Sky Blue
Steel Grey (Fog Grey),Steel Grey (Fog Grey)
Winter White (Oxford White),Winter White (Oxford White)
